"GEO_ID","NAME","B19051_001E","B19051_001M","B19051_002E","B19051_002M","B19051_003E","B19051_003M",
"Geography","Geographic Area Name","Estimate!!Total:","Margin of Error!!Total:","Estimate!!Total:!!With earnings","Margin of Error!!Total:!!With earnings","Estimate!!Total:!!No earnings","Margin of Error!!Total:!!No earnings",
"310M500US10140","Aberdeen, WA Micro Area","29920","1485","20945","1627","8975","1258",
"310M500US10180","Abilene, TX Metro Area","61750","2032","48218","2391","13532","1680",
"310M500US10300","Adrian, MI Micro Area","38499","1322","27836","1340","10663","1118",
"310M500US10380","Aguadilla-Isabela, PR Metro Area","101568","3005","47957","2417","53611","2792",
"310M500US10420","Akron, OH Metro Area","285647","3498","217528","4365","68119","3187",
"310M500US10460","Alamogordo, NM Micro Area","24133","1355","17053","1529","7080","1014",
"310M500US10500","Albany, GA Metro Area","54128","2054","37237","2336","16891","1662",
"310M500US10540","Albany-Lebanon, OR Metro Area","49407","868","36777","1472","12630","1317",
"310M500US10580","Albany-Schenectady-Troy, NY Metro Area","362502","3865","277828","5163","84674","3262",
"310M500US10700","Albertville, AL Micro Area","35330","1274","24479","1283","10851","1062",
"310M500US10740","Albuquerque, NM Metro Area","354359","3837","270611","5014","83748","3420",
"310M500US10780","Alexandria, LA Metro Area","55591","2245","40540","2374","15051","1707",
"310M500US10900","Allentown-Bethlehem-Easton, PA-NJ Metro Area","322301","3595","244408","4881","77893","3710",
"310M500US11020","Altoona, PA Metro Area","52497","1379","36743","1401","15754","1175",
"310M500US11100","Amarillo, TX Metro Area","98606","2077","77723","2485","20883","1713",
"310M500US11180","Ames, IA Metro Area","50253","1121","41031","1447","9222","1007",
"310M500US11260","Anchorage, AK Metro Area","137934","2444","114632","2811","23302","1906",
"310M500US11460","Ann Arbor, MI Metro Area","141680","2021","116770","2634","24910","1787",
"310M500US11500","Anniston-Oxford, AL Metro Area","44636","2010","31064","2230","13572","1650",
"310M500US11540","Appleton, WI Metro Area","94937","1204","75327","1644","19610","1291",
"310M500US11640","Arecibo, PR Metro Area","65208","2050","33408","2250","31800","2244",
"310M500US11700","Asheville, NC Metro Area","193451","4408","137552","4180","55899","2983",
"310M500US11780","Ashtabula, OH Micro Area","39490","1420","27915","1534","11575","1197",
"310M500US11900","Athens, OH Micro Area","22659","1283","15890","1451","6769","897",
"310M500US11980","Athens, TX Micro Area","30607","1358","20786","1664","9821","1438",
"310M500US12020","Athens-Clarke County, GA Metro Area","82655","1807","66268","2465","16387","2121",
"310M500US12060","Atlanta-Sandy Springs-Alpharetta, GA Metro Area","2189294","8398","1818619","11574","370675","9540",
"310M500US12100","Atlantic City-Hammonton, NJ Metro Area","101975","2606","74859","3287","27116","2054",
"310M500US12180","Auburn, NY Micro Area","31489","1126","23487","1209","8002","836",
"310M500US12220","Auburn-Opelika, AL Metro Area","64448","1810","52250","2315","12198","1792",
"310M500US12260","Augusta-Richmond County, GA-SC Metro Area","211969","5075","156146","5018","55823","3219",
"310M500US12300","Augusta-Waterville, ME Micro Area","54480","1522","40109","1834","14371","1341",
"310M500US12420","Austin-Round Rock-Georgetown, TX Metro Area","818084","6935","708773","8265","109311","4997",
"310M500US12540","Bakersfield, CA Metro Area","272888","3419","210998","4446","61890","3730",
"310M500US12580","Baltimore-Columbia-Towson, MD Metro Area","1062901","6358","842653","7653","220248","6039",
"310M500US12620","Bangor, ME Metro Area","64096","1680","46398","1878","17698","1241",
"310M500US12700","Barnstable Town, MA Metro Area","96509","3685","68793","3271","27716","2000",
"310M500US12940","Baton Rouge, LA Metro Area","305441","5783","235052","6209","70389","3493",
"310M500US12980","Battle Creek, MI Metro Area","53827","1840","39087","1964","14740","1047",
"310M500US13020","Bay City, MI Metro Area","44887","1117","30924","1789","13963","1350",
"310M500US13140","Beaumont-Port Arthur, TX Metro Area","142135","3187","109001","3442","33134","2225",
"310M500US13180","Beaver Dam, WI Micro Area","35104","947","27384","1187","7720","802",
"310M500US13220","Beckley, WV Metro Area","49117","1593","31783","1999","17334","1528",
"310M500US13380","Bellingham, WA Metro Area","88794","2439","66683","3025","22111","2028",
"310M500US13460","Bend, OR Metro Area","76528","2717","56535","3088","19993","2451",
"310M500US13740","Billings, MT Metro Area","78108","1542","61583","1983","16525","1678",
"310M500US13780","Binghamton, NY Metro Area","99300","2252","69937","3103","29363","2117",
"310M500US13820","Birmingham-Hoover, AL Metro Area","428665","4441","323857","6046","104808","4477",
"310M500US13900","Bismarck, ND Metro Area","52396","1908","41556","1985","10840","1327",
"310M500US13980","Blacksburg-Christiansburg, VA Metro Area","62114","2224","45570","2280","16544","1755",
"310M500US14010","Bloomington, IL Metro Area","65118","1761","48701","1987","16417","1776",
"310M500US14020","Bloomington, IN Metro Area","62229","2046","48483","2365","13746","1801",
"310M500US14100","Bloomsburg-Berwick, PA Metro Area","33738","1131","25282","1323","8456","864",
"310M500US14140","Bluefield, WV-VA Micro Area","43697","1608","27471","2266","16226","2018",
"310M500US14260","Boise City, ID Metro Area","275681","2719","218884","4584","56797","3656",
"310M500US14460","Boston-Cambridge-Newton, MA-NH Metro Area","1855763","7355","1495112","9798","360651","8428",
"310M500US14500","Boulder, CO Metro Area","131854","2047","109236","2745","22618","2020",
"310M500US14540","Bowling Green, KY Metro Area","66318","1825","51790","2207","14528","1673",
"310M500US14580","Bozeman, MT Micro Area","46990","1210","40922","1421","6068","838",
"310M500US14660","Brainerd, MN Micro Area","42098","1216","30912","1267","11186","823",
"310M500US14740","Bremerton-Silverdale-Port Orchard, WA Metro Area","107525","1905","84145","2586","23380","1746",
"310M500US14860","Bridgeport-Stamford-Norwalk, CT Metro Area","340557","3374","276317","4260","64240","3024",
"310M500US15180","Brownsville-Harlingen, TX Metro Area","129307","2801","99370","3082","29937","2356",
"310M500US15260","Brunswick, GA Metro Area","47730","2471","33455","2351","14275","1750",
"310M500US15380","Buffalo-Cheektowaga, NY Metro Area","488951","4886","357563","5844","131388","4195",
"310M500US15500","Burlington, NC Metro Area","64316","1763","48078","2141","16238","1332",
"310M500US15540","Burlington-South Burlington, VT Metro Area","89859","1477","71868","2160","17991","1558",
"310M500US15680","California-Lexington Park, MD Metro Area","40320","1645","32428","2146","7892","1614",
"310M500US15940","Canton-Massillon, OH Metro Area","165718","2276","123376","2809","42342","2448",
"310M500US15980","Cape Coral-Fort Myers, FL Metro Area","286887","5798","180445","5393","106442","3909",
"310M500US16020","Cape Girardeau, MO-IL Metro Area","38214","1486","29348","1650","8866","1253",
"310M500US16060","Carbondale-Marion, IL Metro Area","56518","1681","41554","2051","14964","1395",
"310M500US16180","Carson City, NV Metro Area","22703","906","15949","1123","6754","912",
"310M500US16220","Casper, WY Metro Area","33044","1230","26786","1557","6258","846",
"310M500US16300","Cedar Rapids, IA Metro Area","112373","1652","88437","2478","23936","1860",
"310M500US16500","Centralia, WA Micro Area","31879","1111","21265","1364","10614","1123",
"310M500US16540","Chambersburg-Waynesboro, PA Metro Area","60260","1627","44478","2087","15782","1526",
"310M500US16580","Champaign-Urbana, IL Metro Area","88700","2661","69011","2951","19689","2042",
"310M500US16620","Charleston, WV Metro Area","109452","2798","72008","3458","37444","2704",
"310M500US16700","Charleston-North Charleston, SC Metro Area","303976","4421","243259","4692","60717","3171",
"310M500US16740","Charlotte-Concord-Gastonia, NC-SC Metro Area","982241","6569","800541","8364","181700","5442",
"310M500US16820","Charlottesville, VA Metro Area","87274","2316","67894","2558","19380","2053",
"310M500US16860","Chattanooga, TN-GA Metro Area","222950","3115","165578","3615","57372","2591",
"310M500US16940","Cheyenne, WY Metro Area","41739","990","32005","1699","9734","1310",
"310M500US16980","Chicago-Naperville-Elgin, IL-IN-WI Metro Area","3539174","8877","2824070","14819","715104","11503",
"310M500US17020","Chico, CA Metro Area","77651","1790","56045","2552","21606","1905",
"310M500US17060","Chillicothe, OH Micro Area","28365","1372","19911","1499","8454","1169",
"310M500US17140","Cincinnati, OH-KY-IN Metro Area","878645","6040","691123","7241","187522","5278",
"310M500US17220","Clarksburg, WV Micro Area","35284","2004","24689","1928","10595","1333",
"310M500US17300","Clarksville, TN-KY Metro Area","115195","2311","90385","2878","24810","2194",
"310M500US17340","Clearlake, CA Micro Area","25968","1699","17474","1918","8494","1228",
"310M500US17420","Cleveland, TN Metro Area","46936","1554","35049","1656","11887","1322",
"310M500US17460","Cleveland-Elyria, OH Metro Area","872626","5551","645118","6515","227508","5600",
"310M500US17660","Coeur d'Alene, ID Metro Area","65283","1428","49277","2009","16006","1535",
"310M500US17780","College Station-Bryan, TX Metro Area","94597","3101","79207","3191","15390","1927",
"310M500US17820","Colorado Springs, CO Metro Area","275778","2861","222991","3614","52787","3018",
"310M500US17860","Columbia, MO Metro Area","80127","2280","65561","2329","14566","1702",
"310M500US17900","Columbia, SC Metro Area","317998","4633","242258","5397","75740","3511",
"310M500US17980","Columbus, GA-AL Metro Area","119728","2495","88982","3291","30746","2518",
"310M500US18020","Columbus, IN Metro Area","30383","1357","24006","1611","6377","1079",
"310M500US18140","Columbus, OH Metro Area","817086","5499","670929","7047","146157","4743",
"310M500US18180","Concord, NH Micro Area","60017","1417","48053","1849","11964","1261",
"310M500US18260","Cookeville, TN Micro Area","44812","1535","31153","1730","13659","1285",
"310M500US18300","Coos Bay, OR Micro Area","27643","1168","16746","1571","10897","1318",
"310M500US18500","Corning, NY Micro Area","39283","1536","28420","1657","10863","1053",
"310M500US18580","Corpus Christi, TX Metro Area","153066","3314","120245","3531","32821","2352",
"310M500US18700","Corvallis, OR Metro Area","37378","988","29520","1225","7858","1036",
"310M500US18880","Crestview-Fort Walton Beach-Destin, FL Metro Area","102572","3948","77682","3647","24890","1990",
"310M500US18980","Cullman, AL Micro Area","32090","1233","22746","1100","9344","998",
"310M500US19060","Cumberland, MD-WV Metro Area","36430","1689","22062","1751","14368","1407",
"310M500US19100","Dallas-Fort Worth-Arlington, TX Metro Area","2635017","10740","2250291","13898","384726","9648",
"310M500US19140","Dalton, GA Metro Area","50267","1587","39747","1989","10520","1273",
"310M500US19180","Danville, IL Metro Area","31154","1241","21752","1497","9402","1007",
"310M500US19260","Danville, VA Micro Area","44049","1347","30783","1306","13266","1200",
"310M500US19300","Daphne-Fairhope-Foley, AL Metro Area","82325","3231","56920","3088","25405","2311",
"310M500US19340","Davenport-Moline-Rock Island, IA-IL Metro Area","155389","2635","116653","3093","38736","2251",
"310M500US19430","Dayton-Kettering, OH Metro Area","332258","3114","249813","3748","82445","3294",
"310M500US19460","Decatur, AL Metro Area","59315","2029","40620","2178","18695","1680",
"310M500US19500","Decatur, IL Metro Area","42741","1439","28009","1850","14732","1585",
"310M500US19660","Deltona-Daytona Beach-Ormond Beach, FL Metro Area","263915","4347","175370","4732","88545","3312",
"310M500US19740","Denver-Aurora-Lakewood, CO Metro Area","1152457","4669","974983","6960","177474","5905",
"310M500US19780","Des Moines-West Des Moines, IA Metro Area","280056","2627","229158","3875","50898","2626",
"310M500US19820","Detroit-Warren-Dearborn, MI Metro Area","1720610","8462","1298687","9569","421923","6549",
"310M500US20020","Dothan, AL Metro Area","56795","1484","39648","1609","17147","1087",
"310M500US20100","Dover, DE Metro Area","68023","1807","50504","1940","17519","1657",
"310M500US20140","Dublin, GA Micro Area","23634","1671","16789","1535","6845","945",
"310M500US20180","DuBois, PA Micro Area","31990","1085","21908","1291","10082","912",
"310M500US20220","Dubuque, IA Metro Area","38345","1198","30706","1440","7639","925",
"310M500US20260","Duluth, MN-WI Metro Area","124913","1945","90962","2362","33951","1656",
"310M500US20500","Durham-Chapel Hill, NC Metro Area","255271","3668","202376","4733","52895","2860",
"310M500US20700","East Stroudsburg, PA Metro Area","56274","3491","43768","3008","12506","1840",
"310M500US20740","Eau Claire, WI Metro Area","67096","1713","53011","2100","14085","1276",
"310M500US20940","El Centro, CA Metro Area","48182","1865","35754","2003","12428","1468",
"310M500US21060","Elizabethtown-Fort Knox, KY Metro Area","58590","1916","43983","1960","14607","1469",
"310M500US21140","Elkhart-Goshen, IN Metro Area","68553","2110","53313","2306","15240","1825",
"310M500US21300","Elmira, NY Metro Area","33490","1396","23775","1460","9715","1102",
"310M500US21340","El Paso, TX Metro Area","270137","3599","217197","4556","52940","3281",
"310M500US21420","Enid, OK Metro Area","23683","1060","18588","1242","5095","772",
"310M500US21500","Erie, PA Metro Area","110128","1696","81481","2236","28647","1953",
"310M500US21660","Eugene-Springfield, OR Metro Area","155696","2263","115697","2948","39999","2119",
"310M500US21700","Eureka-Arcata, CA Micro Area","55692","1614","40508","2043","15184","1515",
"310M500US21780","Evansville, IN-KY Metro Area","129971","2393","101117","3056","28854","2007",
"310M500US21820","Fairbanks, AK Metro Area","35556","1761","30202","2127","5354","1011",
"310M500US22020","Fargo, ND-MN Metro Area","104097","1786","88701","2275","15396","1578",
"310M500US22060","Faribault-Northfield, MN Micro Area","22861","976","18035","1040","4826","659",
"310M500US22100","Farmington, MO Micro Area","24021","1390","18104","1647","5917","909",
"310M500US22140","Farmington, NM Metro Area","42561","1448","30893","1761","11668","1124",
"310M500US22180","Fayetteville, NC Metro Area","193936","2618","149796","3003","44140","2327",
"310M500US22220","Fayetteville-Springdale-Rogers, AR Metro Area","196683","3132","156601","3955","40082","3011",
"310M500US22300","Findlay, OH Micro Area","32490","1063","25861","1421","6629","980",
"310M500US22380","Flagstaff, AZ Metro Area","48993","2018","38616","2240","10377","1286",
"310M500US22420","Flint, MI Metro Area","169247","2251","116487","2762","52760","2730",
"310M500US22500","Florence, SC Metro Area","77848","2045","56324","2658","21524","1994",
"310M500US22520","Florence-Muscle Shoals, AL Metro Area","60837","2000","39648","2373","21189","1704",
"310M500US22540","Fond du Lac, WI Metro Area","42604","1050","32583","1283","10021","846",
"310M500US22580","Forest City, NC Micro Area","27970","1392","18643","1666","9327","1278",
"310M500US22660","Fort Collins, CO Metro Area","146638","1931","118081","2886","28557","2246",
"310M500US22840","Fort Payne, AL Micro Area","24880","1347","18261","1499","6619","986",
"310M500US22900","Fort Smith, AR-OK Metro Area","98307","2154","68572","2494","29735","2012",
"310M500US23060","Fort Wayne, IN Metro Area","160462","2135","129489","2801","30973","2071",
"310M500US23180","Frankfort, KY Micro Area","30532","916","23331","1165","7201","1062",
"310M500US23420","Fresno, CA Metro Area","315974","2193","244706","4189","71268","3307",
"310M500US23460","Gadsden, AL Metro Area","40053","1930","27302","2148","12751","1431",
"310M500US23540","Gainesville, FL Metro Area","126736","3440","93485","3803","33251","2609",
"310M500US23580","Gainesville, GA Metro Area","65625","2079","51112","2082","14513","1333",
"310M500US23700","Gallup, NM Micro Area","21719","821","15242","1089","6477","881",
"310M500US23900","Gettysburg, PA Metro Area","38703","1303","29213","1349","9490","950",
"310M500US24020","Glens Falls, NY Metro Area","53686","1838","40060","2214","13626","1271",
"310M500US24060","Glenwood Springs, CO Micro Area","32269","1657","27589","1832","4680","1155",
"310M500US24140","Goldsboro, NC Metro Area","48482","1541","35871","1970","12611","1765",
"310M500US24220","Grand Forks, ND-MN Metro Area","44724","1048","36015","1546","8709","1257",
"310M500US24260","Grand Island, NE Metro Area","30529","667","24473","964","6056","946",
"310M500US24300","Grand Junction, CO Metro Area","63644","1525","47740","2308","15904","1499",
"310M500US24340","Grand Rapids-Kentwood, MI Metro Area","396763","3323","315514","4238","81249","2953",
"310M500US24420","Grants Pass, OR Metro Area","35206","1163","23983","1462","11223","1345",
"310M500US24500","Great Falls, MT Metro Area","32816","1153","24048","1440","8768","966",
"310M500US24540","Greeley, CO Metro Area","111298","1402","93282","1975","18016","1691",
"310M500US24580","Green Bay, WI Metro Area","132099","1493","102709","2486","29390","2386",
"310M500US24620","Greeneville, TN Micro Area","28323","1448","18905","1515","9418","1261",
"310M500US24660","Greensboro-High Point, NC Metro Area","301529","4320","230328","5533","71201","3603",
"310M500US24780","Greenville, NC Metro Area","70926","2307","54783","2413","16143","1835",
"310M500US24860","Greenville-Anderson, SC Metro Area","349480","4662","269608","5338","79872","3707",
"310M500US24940","Greenwood, SC Micro Area","28544","1097","19918","1473","8626","1087",
"310M500US25020","Guayama, PR Metro Area","24247","1922","10892","1646","13355","1430",
"310M500US25060","Gulfport-Biloxi, MS Metro Area","159081","4541","116053","4834","43028","3439",
"310M500US25180","Hagerstown-Martinsburg, MD-WV Metro Area","110354","2842","82360","3039","27994","1985",
"310M500US25220","Hammond, LA Metro Area","46526","2273","34997","2603","11529","1492",
"310M500US25260","Hanford-Corcoran, CA Metro Area","44761","1150","36337","1726","8424","1269",
"310M500US25420","Harrisburg-Carlisle, PA Metro Area","234365","3125","182113","4126","52252","2846",
"310M500US25500","Harrisonburg, VA Metro Area","47098","1540","37343","1859","9755","1075",
"310M500US25540","Hartford-East Hartford-Middletown, CT Metro Area","476867","4280","368616","5687","108251","4229",
"310M500US25620","Hattiesburg, MS Metro Area","59170","2211","45482","2765","13688","2041",
"310M500US25720","Heber, UT Micro Area","23270","1439","19862","1428","3408","805",
"310M500US25740","Helena, MT Micro Area","31853","1377","23984","1451","7869","921",
"310M500US25840","Hermiston-Pendleton, OR Micro Area","31467","1164","24748","1346","6719","888",
"310M500US25860","Hickory-Lenoir-Morganton, NC Metro Area","146324","3005","108058","3157","38266","2458",
"310M500US25900","Hilo, HI Micro Area","71193","2209","53218","2729","17975","1931",
"310M500US25940","Hilton Head Island-Bluffton, SC Metro Area","84094","2414","56919","3073","27175","1971",
"310M500US25980","Hinesville, GA Metro Area","29973","1975","22848","1953","7125","1438",
"310M500US26020","Hobbs, NM Micro Area","24478","879","19839","1080","4639","923",
"310M500US26090","Holland, MI Micro Area","43667","1438","32811","1722","10856","1199",
"310M500US26140","Homosassa Springs, FL Metro Area","64448","2659","33354","2822","31094","2031",
"310M500US26300","Hot Springs, AR Metro Area","41743","1957","28633","2230","13110","1557",
"310M500US26380","Houma-Thibodaux, LA Metro Area","76932","2242","56506","2857","20426","2049",
"310M500US26420","Houston-The Woodlands-Sugar Land, TX Metro Area","2436438","12238","2073974","15531","362464","10837",
"310M500US26580","Huntington-Ashland, WV-KY-OH Metro Area","136687","2793","92228","3213","44459","2527",
"310M500US26620","Huntsville, AL Metro Area","187898","3068","148087","3837","39811","2699",
"310M500US26660","Huntsville, TX Micro Area","22201","1485","17554","1791","4647","1096",
"310M500US26740","Hutchinson, KS Micro Area","25031","1042","18608","1435","6423","1152",
"310M500US26820","Idaho Falls, ID Metro Area","51152","1160","41496","1599","9656","1267",
"310M500US26860","Indiana, PA Micro Area","30704","1696","21131","1651","9573","881",
"310M500US26900","Indianapolis-Carmel-Anderson, IN Metro Area","793781","6186","634521","8392","159260","6088",
"310M500US26980","Iowa City, IA Metro Area","70169","1860","58740","2119","11429","1241",
"310M500US27060","Ithaca, NY Metro Area","40322","1657","31738","2091","8584","1269",
"310M500US27100","Jackson, MI Metro Area","61403","1713","43497","2061","17906","1564",
"310M500US27140","Jackson, MS Metro Area","218853","4096","171204","5100","47649","3507",
"310M500US27180","Jackson, TN Metro Area","70379","1863","52088","2147","18291","1503",
"310M500US27260","Jacksonville, FL Metro Area","584381","5888","459792","7593","124589","5758",
"310M500US27340","Jacksonville, NC Metro Area","63604","2606","50628","3190","12976","2279",
"310M500US27460","Jamestown-Dunkirk-Fredonia, NY Micro Area","55345","1629","36658","1785","18687","1237",
"310M500US27500","Janesville-Beloit, WI Metro Area","65316","1200","49305","1950","16011","1441",
"310M500US27600","Jefferson, GA Micro Area","25180","831","19855","1050","5325","797",
"310M500US27620","Jefferson City, MO Metro Area","59727","1633","44628","2021","15099","1654",
"310M500US27740","Johnson City, TN Metro Area","89021","2312","64118","3079","24903","2036",
"310M500US27780","Johnstown, PA Metro Area","56490","1468","37272","1801","19218","1473",
"310M500US27860","Jonesboro, AR Metro Area","51288","1599","38851","2023","12437","1624",
"310M500US27900","Joplin, MO Metro Area","67167","2039","51753","2315","15414","1620",
"310M500US27980","Kahului-Wailuku-Lahaina, HI Metro Area","54744","2300","42875","2272","11869","1489",
"310M500US28020","Kalamazoo-Portage, MI Metro Area","103196","2059","79645","2445","23551","1787",
"310M500US28060","Kalispell, MT Micro Area","40681","1861","31507","1970","9174","1358",
"310M500US28100","Kankakee, IL Metro Area","39583","1246","30746","1435","8837","989",
"310M500US28140","Kansas City, MO-KS Metro Area","844310","6030","678642","6545","165668","5149",
"310M500US28180","Kapaa, HI Micro Area","22898","1313","17762","1442","5136","862",
"310M500US28300","Keene, NH Micro Area","29698","1434","22098","1418","7600","929",
"310M500US28420","Kennewick-Richland, WA Metro Area","101840","1630","80060","2558","21780","1841",
"310M500US28580","Key West, FL Micro Area","32839","2048","24226","1901","8613","1066",
"310M500US28660","Killeen-Temple, TX Metro Area","157088","3090","124319","3613","32769","2556",
"310M500US28700","Kingsport-Bristol, TN-VA Metro Area","130928","2612","90437","2783","40491","2020",
"310M500US28740","Kingston, NY Metro Area","69376","2070","51175","2362","18201","1548",
"310M500US28900","Klamath Falls, OR Micro Area","29357","1030","20967","1304","8390","1012",
"310M500US28940","Knoxville, TN Metro Area","347927","4325","253716","5141","94211","3950",
"310M500US29020","Kokomo, IN Metro Area","34151","1382","24709","1440","9442","896",
"310M500US29100","La Crosse-Onalaska, WI-MN Metro Area","56515","1115","44603","1436","11912","996",
"310M500US29180","Lafayette, LA Metro Area","184313","3538","137729","5133","46584","3902",
"310M500US29200","Lafayette-West Lafayette, IN Metro Area","89655","1922","71838","2150","17817","1865",
"310M500US29300","LaGrange, GA-AL Micro Area","38076","1563","27141","2296","10935","1673",
"310M500US29340","Lake Charles, LA Metro Area","79505","2716","60275","3198","19230","1938",
"310M500US29380","Lake City, FL Micro Area","25240","1483","18080","1507","7160","1149",
"310M500US29420","Lake Havasu City-Kingman, AZ Metro Area","91095","3289","52551","3020","38544","2249",
"310M500US29460","Lakeland-Winter Haven, FL Metro Area","238629","5267","163627","5204","75002","3698",
"310M500US29540","Lancaster, PA Metro Area","204701","1948","161668","3349","43033","2826",
"310M500US29620","Lansing-East Lansing, MI Metro Area","215854","2497","165538","3118","50316","2645",
"310M500US29700","Laredo, TX Metro Area","76326","2150","66532","2478","9794","1290",
"310M500US29740","Las Cruces, NM Metro Area","79094","2411","56327","3224","22767","2340",
"310M500US29820","Las Vegas-Henderson-Paradise, NV Metro Area","813607","7174","631544","7805","182063","6402",
"310M500US29860","Laurel, MS Micro Area","30018","1778","20506","1903","9512","1499",
"310M500US29940","Lawrence, KS Metro Area","48508","1329","41860","1509","6648","964",
"310M500US30020","Lawton, OK Metro Area","44127","1865","34247","1851","9880","1078",
"310M500US30100","Lebanon, NH-VT Micro Area","90015","2342","66721","2709","23294","1720",
"310M500US30140","Lebanon, PA Metro Area","53861","1156","42533","1429","11328","1133",
"310M500US30300","Lewiston, ID-WA Metro Area","26915","1197","19548","1057","7367","1011",
"310M500US30340","Lewiston-Auburn, ME Metro Area","45924","1374","35202","1848","10722","1512",
"310M500US30460","Lexington-Fayette, KY Metro Area","205914","2825","164784","3417","41130","2456",
"310M500US30620","Lima, OH Metro Area","40460","1224","30268","1480","10192","1137",
"310M500US30700","Lincoln, NE Metro Area","135008","2154","111969","2519","23039","1754",
"310M500US30780","Little Rock-North Little Rock-Conway, AR Metro Area","288565","3710","219094","5080","69471","3298",
"310M500US30860","Logan, UT-ID Metro Area","45043","1221","37925","1418","7118","1049",
"310M500US30940","London, KY Micro Area","54207","2192","33578","2179","20629","1873",
"310M500US30980","Longview, TX Metro Area","102964","2338","77714","2358","25250","1943",
"310M500US31020","Longview, WA Metro Area","42790","1091","28654","1560","14136","1340",
"310M500US31080","Los Angeles-Long Beach-Anaheim, CA Metro Area","4372678","11595","3603934","15133","768744","9190",
"310M500US31140","Louisville/Jefferson County, KY-IN Metro Area","495246","3949","385733","4953","109513","3708",
"310M500US31180","Lubbock, TX Metro Area","121838","2455","100024","2918","21814","2115",
"310M500US31260","Lufkin, TX Micro Area","32293","1229","25574","1272","6719","897",
"310M500US31300","Lumberton, NC Micro Area","46272","863","29280","1332","16992","1304",
"310M500US31340","Lynchburg, VA Metro Area","102879","2575","75689","2571","27190","1805",
"310M500US31420","Macon-Bibb County, GA Metro Area","85864","2651","62954","3015","22910","2010",
"310M500US31460","Madera, CA Metro Area","44387","1836","34789","1779","9598","1249",
"310M500US31540","Madison, WI Metro Area","279014","2334","228741","3060","50273","2657",
"310M500US31700","Manchester-Nashua, NH Metro Area","162588","2111","131611","2520","30977","2239",
"310M500US31740","Manhattan, KS Metro Area","46526","1842","39284","1924","7242","1045",
"310M500US31820","Manitowoc, WI Micro Area","33831","769","24202","995","9629","806",
"310M500US31860","Mankato, MN Metro Area","39791","1123","32192","1451","7599","926",
"310M500US31900","Mansfield, OH Metro Area","49812","1271","36041","1583","13771","1133",
"310M500US31940","Marinette, WI-MI Micro Area","29149","1274","19868","1296","9281","727",
"310M500US31980","Marion, IN Micro Area","27127","1116","18942","1487","8185","1063",
"310M500US32020","Marion, OH Micro Area","25013","1085","18469","1399","6544","945",
"310M500US32100","Marquette, MI Micro Area","27981","1092","20153","1173","7828","790",
"310M500US32300","Martinsville, VA Micro Area","24448","1520","15379","1565","9069","1027",
"310M500US32420","Mayagüez, PR Metro Area","37341","1847","17998","1686","19343","1597",
"310M500US32580","McAllen-Edinburg-Mission, TX Metro Area","247544","3892","199180","4854","48364","3378",
"310M500US32740","Meadville, PA Micro Area","35387","1116","25139","1257","10248","770",
"310M500US32780","Medford, OR Metro Area","87800","2140","59054","2878","28746","2168",
"310M500US32820","Memphis, TN-MS-AR Metro Area","505048","4786","402018","6079","103030","4817",
"310M500US32900","Merced, CA Metro Area","80645","1718","65938","1951","14707","1499",
"310M500US32940","Meridian, MS Micro Area","39404","2011","27986","2167","11418","1733",
"310M500US33100","Miami-Fort Lauderdale-Pompano Beach, FL Metro Area","2187192","11717","1693710","12513","493482","8730",
"310M500US33140","Michigan City-La Porte, IN Metro Area","43100","1560","32990","1894","10110","1138",
"310M500US33220","Midland, MI Metro Area","34350","934","24775","1147","9575","945",
"310M500US33260","Midland, TX Metro Area","61159","1455","53944","2095","7215","1776",
"310M500US33340","Milwaukee-Waukesha, WI Metro Area","635351","4025","490012","5948","145339","4340",
"310M500US33460","Minneapolis-St. Paul-Bloomington, MN-WI Metro Area","1396025","5408","1141706","6781","254319","5026",
"310M500US33500","Minot, ND Micro Area","32424","1616","27734","1692","4690","923",
"310M500US33540","Missoula, MT Metro Area","50853","1509","41010","1707","9843","1045",
"310M500US33660","Mobile, AL Metro Area","161217","2936","115814","3557","45403","2932",
"310M500US33700","Modesto, CA Metro Area","174698","2116","136681","3027","38017","2889",
"310M500US33740","Monroe, LA Metro Area","77194","2452","54727","2615","22467","2072",
"310M500US33780","Monroe, MI Metro Area","60875","1293","43578","1805","17297","1518",
"310M500US33860","Montgomery, AL Metro Area","145250","3077","111369","3874","33881","2535",
"310M500US33980","Morehead City, NC Micro Area","28962","1649","20038","1549","8924","730",
"310M500US34060","Morgantown, WV Metro Area","53129","1732","41503","2024","11626","1457",
"310M500US34100","Morristown, TN Metro Area","55874","1674","39821","2218","16053","1591",
"310M500US34180","Moses Lake, WA Micro Area","30866","1944","23480","2130","7386","1032",
"310M500US34340","Mount Airy, NC Micro Area","28408","1215","18590","1205","9818","967",
"310M500US34380","Mount Pleasant, MI Micro Area","24690","969","18509","1177","6181","844",
"310M500US34580","Mount Vernon-Anacortes, WA Metro Area","49043","1429","34959","1843","14084","1254",
"310M500US34620","Muncie, IN Metro Area","45640","1858","32032","2096","13608","1488",
"310M500US34740","Muskegon, MI Metro Area","66148","1782","46234","2194","19914","1541",
"310M500US34780","Muskogee, OK Micro Area","26842","769","19272","1054","7570","886",
"310M500US34820","Myrtle Beach-Conway-North Myrtle Beach, SC-NC Metro Area","198645","4427","129114","4304","69531","2593",
"310M500US34860","Nacogdoches, TX Micro Area","24722","1323","19358","1465","5364","793",
"310M500US34900","Napa, CA Metro Area","48107","1441","36569","1596","11538","1132",
"310M500US34940","Naples-Marco Island, FL Metro Area","140578","5062","85510","4614","55068","2888",
"310M500US34980","Nashville-Davidson--Murfreesboro--Franklin, TN Metro Area","733787","6057","612235","6381","121552","4067",
"310M500US35100","New Bern, NC Metro Area","52345","1945","38561","1911","13784","1473",
"310M500US35260","New Castle, PA Micro Area","37282","916","26934","1238","10348","997",
"310M500US35300","New Haven-Milford, CT Metro Area","329006","3626","250971","4243","78035","3173",
"310M500US35380","New Orleans-Metairie, LA Metro Area","485267","4407","369415","4927","115852","4530",
"310M500US35420","New Philadelphia-Dover, OH Micro Area","36788","1156","27295","1469","9493","1251",
"310M500US35620","New York-Newark-Jersey City, NY-NJ-PA Metro Area","7102817","14519","5630455","18080","1472362","15987",
"310M500US35660","Niles, MI Metro Area","61809","2093","45508","2021","16301","1334",
"310M500US35840","North Port-Sarasota-Bradenton, FL Metro Area","332582","5830","200164","5843","132418","4002",
"310M500US35900","North Wilkesboro, NC Micro Area","28376","1523","18946","1669","9430","1194",
"310M500US35980","Norwich-New London, CT Metro Area","109752","1830","86534","2779","23218","1998",
"310M500US36020","Oak Harbor, WA Micro Area","35586","1400","25003","1489","10583","968",
"310M500US36100","Ocala, FL Metro Area","145622","4007","84182","3920","61440","3528",
"310M500US36140","Ocean City, NJ Metro Area","40939","2313","27935","2563","13004","1446",
"310M500US36220","Odessa, TX Metro Area","53155","1332","46543","1640","6612","1055",
"310M500US36260","Ogden-Clearfield, UT Metro Area","218724","2379","184685","3173","34039","2182",
"310M500US36300","Ogdensburg-Massena, NY Micro Area","42832","1430","29846","1787","12986","1343",
"310M500US36420","Oklahoma City, OK Metro Area","523919","4202","417486","5520","106433","3713",
"310M500US36460","Olean, NY Micro Area","33056","1001","23707","1204","9349","850",
"310M500US36500","Olympia-Lacey-Tumwater, WA Metro Area","112909","1988","86311","2694","26598","2144",
"310M500US36540","Omaha-Council Bluffs, NE-IA Metro Area","367037","2750","300651","4107","66386","2932",
"310M500US36660","Opelousas, LA Micro Area","30441","1365","21891","1646","8550","1097",
"310M500US36700","Orangeburg, SC Micro Area","32129","1945","21462","2023","10667","1349",
"310M500US36740","Orlando-Kissimmee-Sanford, FL Metro Area","889822","9137","714873","9365","174949","6804",
"310M500US36780","Oshkosh-Neenah, WI Metro Area","71238","1399","54412","1781","16826","1178",
"310M500US36837","Ottawa, IL Micro Area","61983","1212","45454","1662","16529","1198",
"310M500US36980","Owensboro, KY Metro Area","48419","1227","34731","1682","13688","1309",
"310M500US37100","Oxnard-Thousand Oaks-Ventura, CA Metro Area","268524","3070","216186","3794","52338","2685",
"310M500US37140","Paducah, KY-IL Micro Area","40073","1846","28678","1796","11395","1276",
"310M500US37260","Palatka, FL Micro Area","30866","1415","20425","1543","10441","1130",
"310M500US37340","Palm Bay-Melbourne-Titusville, FL Metro Area","230043","4772","152861","4750","77182","3742",
"310M500US37460","Panama City, FL Metro Area","69195","2744","52460","2767","16735","2143",
"310M500US37620","Parkersburg-Vienna, WV Metro Area","36946","1423","25243","1950","11703","1543",
"310M500US37860","Pensacola-Ferry Pass-Brent, FL Metro Area","186805","4049","139965","4901","46840","3140",
"310M500US37900","Peoria, IL Metro Area","162131","2733","116364","3065","45767","1978",
"310M500US37980","Philadelphia-Camden-Wilmington, PA-NJ-DE-MD Metro Area","2323207","7891","1820541","9622","502666","8899",
"310M500US38060","Phoenix-Mesa-Chandler, AZ Metro Area","1765135","9816","1381595","10784","383540","6925",
"310M500US38220","Pine Bluff, AR Metro Area","34290","1492","23814","2032","10476","1289",
"310M500US38240","Pinehurst-Southern Pines, NC Micro Area","41530","1339","29457","1741","12073","1388",
"310M500US38300","Pittsburgh, PA Metro Area","1028436","5792","761766","8430","266670","6284",
"310M500US38340","Pittsfield, MA Metro Area","53792","1705","38428","1883","15364","1241",
"310M500US38460","Plattsburgh, NY Micro Area","31422","1523","21926","1447","9496","1260",
"310M500US38540","Pocatello, ID Metro Area","34540","1191","26518","1366","8022","977",
"310M500US38660","Ponce, PR Metro Area","80104","2385","41229","2245","38875","2064",
"310M500US38820","Port Angeles, WA Micro Area","33022","1395","20234","1665","12788","1323",
"310M500US38860","Portland-South Portland, ME Metro Area","226904","3563","174881","4443","52023","2734",
"310M500US38900","Portland-Vancouver-Hillsboro, OR-WA Metro Area","964554","4818","770820","6776","193734","4859",
"310M500US38940","Port St. Lucie, FL Metro Area","181914","4564","118874","4658","63040","4072",
"310M500US39020","Portsmouth, OH Micro Area","29319","1454","20002","1432","9317","1301",
"310M500US39060","Pottsville, PA Micro Area","58242","1840","40597","2034","17645","1231",
"310M500US39100","Poughkeepsie-Newburgh-Middletown, NY Metro Area","241950","3370","190181","3919","51769","2854",
"310M500US39150","Prescott Valley-Prescott, AZ Metro Area","102784","2449","61930","2902","40854","2246",
"310M500US39300","Providence-Warwick, RI-MA Metro Area","627702","4851","472467","5890","155235","4266",
"310M500US39340","Provo-Orem, UT Metro Area","182219","1759","162461","2387","19758","1547",
"310M500US39380","Pueblo, CO Metro Area","66111","1293","46195","1887","19916","1632",
"310M500US39460","Punta Gorda, FL Metro Area","76589","3272","37940","3555","38649","2453",
"310M500US39500","Quincy, IL-MO Micro Area","30178","1195","21473","1263","8705","994",
"310M500US39540","Racine, WI Metro Area","78905","1384","59399","2282","19506","1752",
"310M500US39580","Raleigh-Cary, NC Metro Area","519648","4397","433865","5924","85783","4416",
"310M500US39660","Rapid City, SD Metro Area","56456","2045","44271","2243","12185","1537",
"310M500US39740","Reading, PA Metro Area","154696","2552","118557","3311","36139","2038",
"310M500US39780","Red Bluff, CA Micro Area","25310","1013","17200","1299","8110","945",
"310M500US39820","Redding, CA Metro Area","72714","1501","49596","2109","23118","1738",
"310M500US39900","Reno, NV Metro Area","192402","2343","150312","2875","42090","2389",
"310M500US39980","Richmond, IN Micro Area","27561","1110","21146","1514","6415","1062",
"310M500US40060","Richmond, VA Metro Area","491891","4476","388264","5569","103627","4087",
"310M500US40080","Richmond-Berea, KY Micro Area","39462","1744","29101","1839","10361","1399",
"310M500US40140","Riverside-San Bernardino-Ontario, CA Metro Area","1379706","7646","1090582","9608","289124","7200",
"310M500US40220","Roanoke, VA Metro Area","126469","2913","93560","3084","32909","2641",
"310M500US40260","Roanoke Rapids, NC Micro Area","28652","1496","18626","1700","10026","1403",
"310M500US40340","Rochester, MN Metro Area","92282","1169","74848","1526","17434","1219",
"310M500US40380","Rochester, NY Metro Area","437296","3918","327960","4651","109336","3971",
"310M500US40420","Rockford, IL Metro Area","133538","2256","103403","2548","30135","1848",
"310M500US40580","Rocky Mount, NC Metro Area","58531","2190","43220","2151","15311","1507",
"310M500US40660","Rome, GA Metro Area","35443","1365","25766","1737","9677","1322",
"310M500US40700","Roseburg, OR Micro Area","46186","1473","30648","1989","15538","1521",
"310M500US40740","Roswell, NM Micro Area","24671","1016","18157","1282","6514","930",
"310M500US40780","Russellville, AR Micro Area","29438","1565","21011","1702","8427","1148",
"310M500US40900","Sacramento-Roseville-Folsom, CA Metro Area","854279","4757","665252","7342","189027","5843",
"310M500US40980","Saginaw, MI Metro Area","79050","2036","54711","2278","24339","1754",
"310M500US41060","St. Cloud, MN Metro Area","76473","1549","61313","1774","15160","1398",
"310M500US41100","St. George, UT Metro Area","63144","2292","44694","2641","18450","1467",
"310M500US41140","St. Joseph, MO-KS Metro Area","46958","1708","33593","1835","13365","1152",
"310M500US41180","St. Louis, MO-IL Metro Area","1145583","7439","880671","8758","264912","5449",
"310M500US41400","Salem, OH Micro Area","40560","1529","29001","1586","11559","1252",
"310M500US41420","Salem, OR Metro Area","152285","2489","115068","3087","37217","2270",
"310M500US41500","Salinas, CA Metro Area","128227","2197","105851","2543","22376","1861",
"310M500US41540","Salisbury, MD-DE Metro Area","166834","3997","117692","4119","49142","2454",
"310M500US41620","Salt Lake City, UT Metro Area","405984","3896","349523","4641","56461","2894",
"310M500US41660","San Angelo, TX Metro Area","44657","1696","35144","2096","9513","1277",
"310M500US41700","San Antonio-New Braunfels, TX Metro Area","830598","5623","672661","7172","157937","5270",
"310M500US41740","San Diego-Chula Vista-Carlsbad, CA Metro Area","1132434","6683","921545","9051","210889","6296",
"310M500US41780","Sandusky, OH Micro Area","30308","1638","21981","1570","8327","1087",
"310M500US41860","San Francisco-Oakland-Berkeley, CA Metro Area","1721576","7415","1401122","10078","320454","8522",
"310M500US41900","San Germán, PR Metro Area","41896","2147","19418","1753","22478","1718",
"310M500US41940","San Jose-Sunnyvale-Santa Clara, CA Metro Area","662842","4591","561748","5794","101094","4034",
"310M500US41980","San Juan-Bayamón-Caguas, PR Metro Area","752543","7635","441144","8132","311399","5779",
"310M500US42020","San Luis Obispo-Paso Robles, CA Metro Area","106512","2641","79239","3074","27273","2054",
"310M500US42100","Santa Cruz-Watsonville, CA Metro Area","97710","2076","76932","2616","20778","2108",
"310M500US42140","Santa Fe, NM Metro Area","62182","1949","44145","2213","18037","1352",
"310M500US42200","Santa Maria-Santa Barbara, CA Metro Area","146466","2271","112603","3056","33863","1762",
"310M500US42220","Santa Rosa-Petaluma, CA Metro Area","190689","2478","146898","3205","43791","2365",
"310M500US42340","Savannah, GA Metro Area","142579","3145","110296","3241","32283","2689",
"310M500US42540","Scranton--Wilkes-Barre, PA Metro Area","230210","3500","167707","4226","62503","3041",
"310M500US42620","Searcy, AR Micro Area","28621","1565","20053","1751","8568","1039",
"310M500US42660","Seattle-Tacoma-Bellevue, WA Metro Area","1541245","6838","1277711","8626","263534","6676",
"310M500US42680","Sebastian-Vero Beach, FL Metro Area","63917","2654","39254","2478","24663","1986",
"310M500US42700","Sebring-Avon Park, FL Metro Area","43351","2443","22636","2454","20715","1830",
"310M500US42860","Seneca, SC Micro Area","31530","1806","20442","2105","11088","1054",
"310M500US42940","Sevierville, TN Micro Area","37933","2403","27903","2218","10030","1427",
"310M500US43060","Shawnee, OK Micro Area","25655","667","18782","824","6873","734",
"310M500US43100","Sheboygan, WI Metro Area","48691","930","36675","1425","12016","1018",
"310M500US43140","Shelby, NC Micro Area","30599","1728","21138","1768","9461","1233",
"310M500US43220","Shelton, WA Micro Area","24820","1724","16905","1651","7915","1335",
"310M500US43300","Sherman-Denison, TX Metro Area","49024","1794","36249","1945","12775","1550",
"310M500US43320","Show Low, AZ Micro Area","38732","1795","24967","1703","13765","1054",
"310M500US43340","Shreveport-Bossier City, LA Metro Area","153824","3756","110394","4283","43430","2977",
"310M500US43420","Sierra Vista-Douglas, AZ Metro Area","51982","1532","33174","2166","18808","1860",
"310M500US43580","Sioux City, IA-NE-SD Metro Area","56092","1607","45542","1955","10550","1187",
"310M500US43620","Sioux Falls, SD Metro Area","107499","1743","90689","2067","16810","1487",
"310M500US43740","Somerset, PA Micro Area","29456","1072","19678","1217","9778","865",
"310M500US43780","South Bend-Mishawaka, IN-MI Metro Area","126331","2620","96913","2829","29418","1665",
"310M500US43900","Spartanburg, SC Metro Area","121256","2317","90814","2846","30442","2162",
"310M500US44060","Spokane-Spokane Valley, WA Metro Area","229880","2551","169628","3742","60252","2988",
"310M500US44100","Springfield, IL Metro Area","88394","2126","64825","2134","23569","1404",
"310M500US44140","Springfield, MA Metro Area","270899","2746","201592","4294","69307","3776",
"310M500US44180","Springfield, MO Metro Area","198019","2214","142562","3290","55457","3505",
"310M500US44220","Springfield, OH Metro Area","54406","1390","38324","1665","16082","1272",
"310M500US44300","State College, PA Metro Area","58963","2042","47993","2454","10970","1399",
"310M500US44340","Statesboro, GA Micro Area","28660","1370","22637","1874","6023","1197",
"310M500US44420","Staunton, VA Metro Area","51142","1906","37362","2129","13780","1400",
"310M500US44620","Stevens Point, WI Micro Area","29063","733","21826","1075","7237","884",
"310M500US44660","Stillwater, OK Micro Area","31788","1484","25129","1713","6659","1031",
"310M500US44700","Stockton, CA Metro Area","230241","2816","184135","3322","46106","2766",
"310M500US44940","Sumter, SC Metro Area","56459","1666","41021","2217","15438","1489",
"310M500US44980","Sunbury, PA Micro Area","38592","1525","27126","1437","11466","1111",
"310M500US45060","Syracuse, NY Metro Area","255844","3797","191189","4377","64655","3071",
"310M500US45180","Talladega-Sylacauga, AL Micro Area","30602","1841","20274","1883","10328","1410",
"310M500US45220","Tallahassee, FL Metro Area","152648","3670","118134","3485","34514","2480",
"310M500US45300","Tampa-St. Petersburg-Clearwater, FL Metro Area","1228481","9173","893090","9702","335391","6705",
"310M500US45460","Terre Haute, IN Metro Area","72899","2284","53205","2639","19694","1651",
"310M500US45500","Texarkana, TX-AR Metro Area","55028","2050","39206","2450","15822","1626",
"310M500US45540","The Villages, FL Metro Area","59458","3085","17812","2326","41646","2852",
"310M500US45780","Toledo, OH Metro Area","268089","3296","199178","4359","68911","3298",
"310M500US45820","Topeka, KS Metro Area","95552","1736","73124","2077","22428","1568",
"310M500US45860","Torrington, CT Micro Area","73969","2002","57590","2434","16379","1502",
"310M500US45900","Traverse City, MI Micro Area","60938","2162","45220","2099","15718","1234",
"310M500US45940","Trenton-Princeton, NJ Metro Area","130851","2539","99881","3215","30970","2491",
"310M500US46020","Truckee-Grass Valley, CA Micro Area","39365","2247","26315","2116","13050","1546",
"310M500US46060","Tucson, AZ Metro Area","410404","5277","299259","5886","111145","4027",
"310M500US46100","Tullahoma-Manchester, TN Micro Area","39916","1583","28336","1791","11580","1337",
"310M500US46140","Tulsa, OK Metro Area","387176","2640","303656","3560","83520","3070",
"310M500US46180","Tupelo, MS Micro Area","58173","1942","43851","2062","14322","1504",
"310M500US46220","Tuscaloosa, AL Metro Area","90861","2852","67021","3295","23840","2063",
"310M500US46300","Twin Falls, ID Metro Area","39654","1347","31368","1755","8286","1442",
"310M500US46340","Tyler, TX Metro Area","78600","2407","59871","2859","18729","1823",
"310M500US46380","Ukiah, CA Micro Area","34478","1479","23105","1569","11373","1362",
"310M500US46520","Urban Honolulu, HI Metro Area","316456","3394","257670","4372","58786","3379",
"310M500US46540","Utica-Rome, NY Metro Area","115904","2310","82488","2621","33416","1934",
"310M500US46660","Valdosta, GA Metro Area","54425","1641","42882","1944","11543","1399",
"310M500US46700","Vallejo, CA Metro Area","150393","1826","118133","2638","32260","2040",
"310M500US47020","Victoria, TX Metro Area","32627","1865","24345","1761","8282","1257",
"310M500US47220","Vineland-Bridgeton, NJ Metro Area","51360","1392","38395","1831","12965","1343",
"310M500US47260","Virginia Beach-Norfolk-Newport News, VA-NC Metro Area","675311","5734","538753","6964","136558","4570",
"310M500US47300","Visalia, CA Metro Area","144109","1768","119333","2643","24776","2214",
"310M500US47380","Waco, TX Metro Area","98944","2202","75634","2821","23310","1932",
"310M500US47460","Walla Walla, WA Metro Area","23167","1218","16833","1372","6334","796",
"310M500US47580","Warner Robins, GA Metro Area","68831","2280","53732","2668","15099","2347",
"310M500US47700","Warsaw, IN Micro Area","30991","1563","24520","1638","6471","833",
"310M500US47900","Washington-Arlington-Alexandria, DC-VA-MD-WV Metro Area","2251002","8870","1913649","9544","337353","6983",
"310M500US47940","Waterloo-Cedar Falls, IA Metro Area","67137","1707","51124","1929","16013","1207",
"310M500US48020","Watertown-Fort Atkinson, WI Micro Area","32783","1218","25460","1366","7323","927",
"310M500US48060","Watertown-Fort Drum, NY Metro Area","41214","1788","30818","1858","10396","1041",
"310M500US48140","Wausau-Weston, WI Metro Area","67342","1339","51462","1824","15880","1242",
"310M500US48260","Weirton-Steubenville, WV-OH Metro Area","50065","1750","35033","1968","15032","1517",
"310M500US48300","Wenatchee, WA Metro Area","44478","1484","31937","1958","12541","1528",
"310M500US48540","Wheeling, WV-OH Metro Area","55796","1879","37637","1959","18159","1559",
"310M500US48580","Whitewater, WI Micro Area","42799","1177","33879","1370","8920","913",
"310M500US48620","Wichita, KS Metro Area","246836","3457","191660","3732","55176","2597",
"310M500US48660","Wichita Falls, TX Metro Area","56673","2505","43015","2647","13658","1724",
"310M500US48700","Williamsport, PA Metro Area","44842","1617","31847","1943","12995","1156",
"310M500US48900","Wilmington, NC Metro Area","121734","2712","91589","3045","30145","2195",
"310M500US48980","Wilson, NC Micro Area","32384","1354","21243","1635","11141","1505",
"310M500US49020","Winchester, VA-WV Metro Area","50062","1939","40109","1938","9953","1282",
"310M500US49180","Winston-Salem, NC Metro Area","270273","3803","198650","4229","71623","3169",
"310M500US49220","Wisconsin Rapids-Marshfield, WI Micro Area","32684","1008","23229","1223","9455","985",
"310M500US49300","Wooster, OH Micro Area","44589","806","34133","1263","10456","966",
"310M500US49340","Worcester, MA-CT Metro Area","363177","3032","283976","4970","79201","4584",
"310M500US49420","Yakima, WA Metro Area","83992","1666","66571","1947","17421","1267",
"310M500US49500","Yauco, PR Metro Area","30396","1740","14096","1502","16300","1558",
"310M500US49620","York-Hanover, PA Metro Area","175441","2373","136853","3099","38588","2497",
"310M500US49660","Youngstown-Warren-Boardman, OH-PA Metro Area","230643","3239","160008","3921","70635","2434",
"310M500US49700","Yuba City, CA Metro Area","59866","1131","45850","2001","14016","1650",
"310M500US49740","Yuma, AZ Metro Area","74042","2409","50238","2467","23804","1509",
"310M500US49780","Zanesville, OH Micro Area","33342","1373","23792","1460","9550","1094",
